Название,Автор,Цена
Поиски утраченного завтра,Лукьяненко Сергей Васильевич,1179
Страна багровых туч,Стругацкий Аркадий Натанович,400
Парень из преисподней,Стругацкий Аркадий Натанович,330
"Полдень, XXII век",Стругацкий Аркадий Натанович,441
Автостопом по галактике,Адамс Дуглас,1195
Вымпел мертвых-1,Буланов Константин Николаевич,1379
"Проект ""Аве Мария""",Вейер Энди,459
Маракотова бездна,Дойл Артур Конан,211
Предел,Лукьяненко Сергей Васильевич,919
Функционал: Черновик. Чистовик,Лукьяненко Сергей Васильевич,965
"Автостопом по Галактике. Ресторан ""У конца Вселенной""",Адамс Дуглас,625
Дитя прибоя,Трофимов Ерофей,1327
Лунная радуга: По черному следу. Мягкие зеркала,Павлов Сергей Иванович,1155
Конец детства,Кларк Артур,330
День триффидов,Уиндем Джон,339
Марсианин,Вейер Энди,680
Человек-амфибия,Беляев Александр Романович,284
Опрокинутый мир,Прист Кристофер,358
Сказка о Тройке,Стругацкий Аркадий Натанович,427
Попытка к бегству. Далекая радуга.,Стругацкий Аркадий Натанович,395
Голова профессора Доуэля,Беляев Александр Романович,284
Куколки,Уиндем Джон,330
Принесите мне голову Прекрасного принца,Желязны Роджер,322
Дети Дюны,Герберт Фрэнк,680
Человек-Паук. Майлз Моралес. Крылья ярости,Моррис Бриттни,717
Пикник на обочине,Стругацкий Аркадий Натанович,643
Машина времени. Человек-невидимка,Уэллс Герберт Джордж,293
Час быка,Ефремов Иван Антонович,339
Баллада о змеях и певчих птицах,Коллинз Сьюзен,643
Баллада о змеях и певчих птицах,Коллинз Сьюзен,735
"Отель ""У погибшего альпиниста""",Стругацкий Аркадий Натанович,339
Надлежащий подход,Сон Ирина,634
Судьба мехвоина,Колмаков Владислав Викторович,634
"СССР 2010. Здравствуй, пионерское лето!",Широков Алексей Викторович,634
Александр II Великий,Старец Виктор,634
Золушка,Мейер Марисса,726
Бегущий в Лабиринте,Дэшнер Джеймс,671
Поднятие уровня в одиночку. Solo Leveling. Книга 7,Чхугон,963
Драгун. На Кавказ!,Булычев Андрей Владимирович,587
Испытание огнем,Дэшнер Джеймс,597
Закон Петербурга,Силлов Дмитрий Олегович,605
СССР: 2026,Никонов Андрей,634
Лента Мёбиуса,Харников Александр Петрович,634
Темный рассвет,Кристофф Джей,965
Мессия Дюны,Герберт Фрэнк,349
Ермак. Регент,Валериев Игорь,634
Золотая коллекция. Дезертир,Пронин Игорь Евгеньевич,680
Песнь Кали,Симмонс Дэн,330
Путь к Дюне,Герберт Брайан,873
Крестовый поход машин,Герберт Брайан,1057
"Человек, потерявший лицо. Человек, нашедший свое лицо.",Беляев Александр Романович,284
Пикник на обочине,Стругацкий Аркадий Натанович,579
Шестой Дозор,Лукьяненко Сергей Васильевич,689
Черновик,Лукьяненко Сергей Васильевич,781
Уроки черного бусидо,Протопопов Константин Юрьевич,643
Карт-Хадашт не должен быть разрушен!,Дынин Максим,643
Бродяга. Драку заказывали?,Трофимов Ерофей,643
Сойка-пересмешница. Новое издание,Коллинз Сьюзен,735
Трудно быть богом. Понедельник начинается в субботу. Сказка о Тройке,Стругацкий Аркадий Натанович,1195
Лезвие бритвы,Ефремов Иван Антонович,873
Солярис. Эдем,Лем Станислав,855
Касание пустоты,Волков Игорь,643
Понедельник начинается в субботу,Стругацкий Аркадий Натанович,855
Солярис,Лем Станислав,625
Град обреченный,Стругацкий Аркадий Натанович,441
Под атомным прицелом,Савин Влад,671
Назад в СССР: 1985. Пункт назначения,Гаусс Максим,643
Дюна,Герберт Фрэнк,1953
Искажающие реальность-2,Атаманов Михаил,1287
"Нам бы день простоять, да ночь продержаться!",Протасов Сергей Альбертович,671
Резервист,Поселягин Владимир Геннадьевич,643
Лихие. Бригадир,Вязовский Алексей Викторович,643
Волхв пятого разряда,Дроздов Анатолий Федорович,643
Путь Акиро,Измайлов Сергей,643
Другая Русь,Малыгин Владимир Владиславович,1333
Золотая коллекция. Точка невозврата,Недоруб Сергей И.,689
Код лихорадки,Дэшнер Джеймс,579
Закон Стрелка,Силлов Дмитрий Олегович,735
"Гибрид. Протокол ""Наследник""",Лисина Александра,625
Закон ученого,Силлов Дмитрий Олегович,809
Поселок (с иллюстрациями А. Т. Фоменко),Булычев Кир,1287
Сотня. Смутное время,Трофимов Ерофей,643
Курсант: Дело Холодильщика,Дамиров Рафаэль,625
Инсургент,Ераносян Владимир,643
Поступь Империи. Бремя Власти,Кузмичев Иван Иванович,1287
Закон Черного сталкера,Силлов Дмитрий Олегович,735
ЧВК «Вольные стрелки». СВО в Африке,Марчук Николай Петрович,643
Белоснежка,Мейер Марисса,919
Ученик воина,Буджолд Лоис Макмастер,367
Мерзость,Симмонс Дэн,487
Дозоры: Последний Дозор. Новый Дозор. Шестой Дозор,Лукьяненко Сергей Васильевич,1103
Трудно быть богом,Стругацкий Аркадий Натанович,671
За миллиард лет до конца света,Стругацкий Аркадий Натанович,339
Бегущий в Лабиринте. Испытание огнем. Лекарство от смерти,Дэшнер Джеймс,1287
Царёв врач,Санфиров Александр Юрьевич,1241
Щепотка удачи,Мейер Марисса,781
Голодные игры. Новое издание,Коллинз Сьюзен,735
"Егерь Императрицы. Батальон, к бою!",Булычев Андрей Владимирович,625
Убей-городок. Ошибка комиссара,Зингер Владимир Викторович,643
Игра не для всех. Вторая Отечественная,Калинин Даниил Сергеевич,671
Группа крови на плече. Кодекс спецназовца,Вязовский Алексей Викторович,643
Дюна: Орден сестер,Герберт Брайан,919
Проект «Валькирия»,Трофимов Ерофей,671
Сотник из будущего. Эстляндия,Булычев Андрей Владимирович,671
Дюна: Орден сестер,Герберт Брайан,873
"Я, Хобо: Времена смерти",Жарковский Сергей Владимирович,1149
На краю жизни,Ханна Ким,717
Порог,Лукьяненко Сергей Васильевич,919
Путь к Дюне,Герберт Брайан,413
Выжженная земля,Конторович Александр,1287
Дозоры: Ночной Дозор. Дневной Дозор. Сумеречный Дозор,Лукьяненко Сергей Васильевич,1103
Геном: Танцы на снегу. Геном (в новой редакции). Калеки,Лукьяненко Сергей Васильевич,1057
Мессия Дюны. Дети Дюны,Герберт Фрэнк,1011
Ночной Дозор,Лукьяненко Сергей Васильевич,717
Гиперион,Симмонс Дэн,459
Враг тайный,Гуков Александр,671
Последний русский,Панов Евгений Владимирович,671
Поднятие уровня в одиночку. Solo Leveling. Книга 6,Чхугон,735
Новая Зона. Аллергия,Свистунов Александр Станиславович,717
Лезвие бритвы,Ефремов Иван Антонович,533
Atomic Heart. Предыстория «Предприятия 3826». Специальное издание,Харальд Хорф,1563
Глубина: Лабиринт отражений. Фальшивые зеркала. Прозрачные витражи,Лукьяненко Сергей Васильевич,1057
Жук в муравейнике,Стругацкий Аркадий Натанович,367
"Друд, или Человек в черном",Симмонс Дэн,1655
Формула Лимфатера,Лем Станислав,339
Форсайт,Лукьяненко Сергей Васильевич,901
Волны гасят ветер,Стругацкий Аркадий Натанович,339
Курсант: Дело Потрошителя,Дамиров Рафаэль,643
Столичный доктор. Клятва врача,Вязовский Алексей Викторович,671
Эмпатия,Гилёва Антонина,643
Закон юга,Силлов Дмитрий Олегович,735
"Гусары, молчать!",Мацко Владислав Сергеевич,643
Капитул Дюны,Герберт Фрэнк,413
Дюна,Герберт Фрэнк,1011
В стране слепых,Флинн М.,781
Лезвие бритвы,Ефремов Иван Антонович,349
Наследник Каладана,Герберт Брайан,965
Русская война 1854. Враг в Крыму,Емельянов Антон Дмитриевич,643
Три дня Индиго,Лукьяненко Сергей Васильевич,873
Туманность Андромеды,Ефремов Иван Антонович,303
Детективное агентство Дирка Джентли,Адамс Дуглас,459
Трудно быть богом,Стругацкий Аркадий Натанович,339
Пикник на обочине,Стругацкий Аркадий Натанович,339
Корабль-звезда,Бенфорд Грегори,1287
Годсгрейв,Кристофф Джей,919
Затерянный мир,Дойл Артур Конан,284
Возвращение со звезд,Лем Станислав,367
Испытательный срок. Лучшая фантастика — 2025,Лукьяненко Сергей Васильевич,735
Золотая коллекция. Однажды в Чернобыле,Мельник Василий Иванович,717
Война за Проливы. Призыв к Походу,Михайловский Александр Борисович,643
Крест бессмертных,Евтушенко Алексей Анатольевич,643
Закон Припяти,Силлов Дмитрий Олегович,735
Непобедимый,Лем Станислав,330
Закон Зоны,Силлов Дмитрий Олегович,735
ПТУшник,Белов Иннокентий,643
Империя. На последнем краю,Марков-Бабкин Владимир,671
Смута. Орел и Ворон,Калинин Даниил Сергеевич,643
Егерь Императрицы. Крым,Булычев Андрей Владимирович,643
Хищные вещи века,Стругацкий Аркадий Натанович,339
Закон монолита,Силлов Дмитрий Олегович,735
Поднятие уровня в одиночку. Solo Leveling. Книга 4,Чхугон,717
Бесконечное Лето: Первая смена,Аркатов Антон,781
Лето волонтера,Лукьяненко Сергей Васильевич,873
Война миров,Уэллс Герберт Джордж,284
Понедельник начинается в субботу,Стругацкий Аркадий Натанович,643
Неночь,Кристофф Джей,965
Человек-амфибия,Беляев Александр Романович,597
Первому игроку приготовиться,Клайн Эрнест,643
"Автостопом по Галактике. Ресторан ""У конца Вселенной""",Адамс Дуглас,339
Балтийский форпост,Малыгин Владимир Владиславович,671
Красноармеец,Поселягин Владимир Геннадьевич,671
Константин. Балтийский ястреб,Оченков Иван Валерьевич,643
Князь Фёдор. Русь и Орда,Злотников Роман Валерьевич,643
Третье правило дворянина,Герда Александр Владимирович,643
Предел выживания,Метельский Николай Александрович,643
15 ножевых. Афган,Вязовский Алексей Викторович,643
Проект Rain Storm,Андерсон Эгиль,625
Легион-3,Прозоров Александр Дмитриевич,1195
Стоунхендж. Время для мятежника,Гаррисон Гарри,827
Чемпион. Начало положено,Гуров Валерий,643
Новая жизнь владыки демонов,Соломенный Илья Васильевич,643
Туманность Андромеды. Звездные корабли,Ефремов Иван Антонович,330
Закон Москвы,Силлов Дмитрий Олегович,735
"Королевский шпион. Победив, заточи нож",Тюрин Виктор Иванович,643
Солярис,Лем Станислав,358
Дюна,Герберт Фрэнк,459
Ариэль,Беляев Александр Романович,284
Обитаемый остров,Стругацкий Аркадий Натанович,441
Прыжок в ничто,Беляев Александр Романович,284
Бог-Император Дюны,Герберт Фрэнк,413
Ареал 5-8 (уникальное лимитированное издание),Тармашев Сергей Сергеевич,3679
Ареал 5-8 (подарочное издание),Тармашев Сергей Сергеевич,1931
Марсианин,Вейер Энди,441
Машина времени. Человек-невидимка,Уэллс Герберт Джордж,208
Шатун,Трофимов Ерофей,1195
"Зона Питер. Операция ""Проводник""",Нуждин Андрей Станиславович,717
Бегущий в Лабиринте. Лекарство от смерти,Дэшнер Джеймс,597
Маленький шаг в неизвестность,Филиппов Константин Юрьевич,643
Война миров. Человек-невидимка,Уэллс Герберт Джордж,625
Бегущий в Лабиринте. Тотальная угроза,Дэшнер Джеймс,597
Испытание огнем,Дэшнер Джеймс,579
Час Быка,Ефремов Иван Антонович,349
Собрание сочинений 1964-1966,Стругацкий Аркадий Натанович,1471
Собрание сочинений 1964—1966,Стругацкий Аркадий Натанович,1471
Понедельник начинается в субботу,Стругацкий Аркадий Натанович,367
И вспыхнет пламя. Новое издание,Коллинз Сьюзен,735
Трудно быть богом,Стругацкий Аркадий Натанович,579
"Проект ""Аве Мария""",Вейер Энди,809
Джамп. Звезды - холодные игрушки. Звездная Тень,Лукьяненко Сергей Васильевич,1011
Остров погибших кораблей,Беляев Александр Романович,284
Улитка на склоне,Стругацкий Аркадий Натанович,367
Отец Кармоди,Фармер Ф. Х.,1563
Поднятие уровня в одиночку. Solo Leveling. Книга 5,Чхугон,717
Путешествие к центру Земли. Вокруг света в восемьдесят дней,Верн Жюль,625
OVUM,Куталов Кирилл Маркович,643
Предлунные,Каньтох Анна,873
Дети Дюны,Герберт Фрэнк,413
Курсант: Прокурорские войны,Дамиров Рафаэль,643
Корабль,Брандхорст Андреас,1379
Тени войны,Орлов Алекс,1287
Раша,Ускова Ольга Анатолиевна,873
Понедельник начинается в субботу,Стругацкий Аркадий Натанович,579
Практикантка,Каменистый Артем,1287
Лоцман,Посняков Андрей Анатольевич,1287
Золотая мышь Мурмяуса,Юдина Ольга Вадимовна,459
Небо в кармане,Малыгин Владимир Владиславович,643
Чужак из ниоткуда,Евтушенко Алексей Анатольевич,643
Эдем,Лем Станислав,349
Шанс для истребителя,Колмаков Владислав Викторович,671
Корсары Николая Первого,Михеев Михаил Александрович,643
Золотая коллекция. Зона тумана,Гравицкий Алексей Андреевич,717
Союз будет жить,Мишин Виктор,643
Некомбатант,Лысак Сергей Васильевич,643
Артист,Никонов Андрей,643
Сотня. Казачий крест,Трофимов Ерофей,643
Не грози Дубровскому!,Панарин Антон Владимирович,1195
Небесная канцелярия,Суздальцева Эльвира Викторовна,689
Странность,Баллингруд Нейтан,827
Камень. Обретение стихии,Минин Станислав Николаевич,643
Сияние Авроры,Кауфман Эми,873
Живучий-2,Муравьев Константин Николаевич,1333
Генерал. Злой гений Порт-Артура,Романов Герман Иванович,671
Гадкие лебеди,Стругацкий Аркадий Натанович,367
Человек-амфибия. Голова профессора Доуэля. Остров погибших кораблей,Беляев Александр Романович,625
Королевский шпион. Подмастерье палача,Тюрин Виктор Иванович,643
"Здравствуй, 1984-й",Иванов Дмитрий Валерьевич,643
Убей-городок,Шалашов Евгений Васильевич,643
Закон Арены,Силлов Дмитрий Олегович,717
Морана,Кулаков Алексей Иванович,643
Не отступать и не сдаваться,Тыналин Алим Онербекович,625
Ареал 1-4 (уникальное лимитированное издание),Тармашев Сергей Сергеевич,3679
Новая фантастика 2024. Антология #8,Василий Головачев и др,1103
Сага о Торе. Во имя веры,Моргунов Денис Геннадьевич,671
Самое слабое в мире чудовище,Ким Тонсик,505
Мессия Дюны. Дети Дюны,Герберт Фрэнк,1953
Несущая смерть,Кристофф Джей,1103
Смерть травы,Кристофер Джон,1287
Осмотр на месте,Лем Станислав,395
Голем,Артюшкина Елена Алексеевна,689
Новая Зона. Калейдоскоп,Смирнов Юрий Евгеньевич,689
Цусима. Горе побежденным,Романов Герман Иванович,643
Батлерианский джихад,Герберт Брайан,1057
Навигаторы Дюны,Герберт Брайан,965
Обитаемый остров,Стругацкий Аркадий Натанович,689
Войд. Спустя год (сборник),Бредвик Алекс,1241
Вариант «Бис»,Анисимов Сергей Владимирович,1241
Ермак. Война,Валериев Игорь,1195
Песчаные черви Дюны,Герберт Брайан,919
Охотники Дюны,Герберт Брайан,1011
15 ножевых. Врач скорой,Вязовский Алексей Викторович,643
Волк: лихие 90-е,Киров Никита,671
Злая Русь. Схватка,Калинин Даниил Сергеевич,643
Дворянин поневоле,Трофимов Ерофей,643
Понедельник начинается в субботу. Трудно быть богом. Пикник на обочине,Стругацкий Аркадий Натанович,1241
Одиночка. Горные тропы,Трофимов Ерофей,284
"Полдень, XXII век",Стругацкий Аркадий Натанович,671
Сумма технологии,Лем Станислав,505
Одиночка,Трофимов Ерофей,303
Золотая коллекция. Загадка полтергейста,Недоруб Сергей И.,717
Разрезающий лабиринт,Дэшнер Джеймс,533
Оникромос,Матушек Павел,1471
Долг чести,Поселягин Владимир Геннадьевич,643
Я спас СССР,Вязовский Алексей Викторович,1287
"Россия, которую мы...-1",Панфилов Василий Сергеевич,1333
Лунная пыль. Большая глубина,Кларк Артур,763
Аврия. Третий курс,Гнаденберг Вадим Сергеевич,643
Казачья кровь,Трофимов Ерофей,293
Ареал 1-4 (подарочное издание),Тармашев Сергей Сергеевич,1839
Старость аксолотля,Дукай Яцек,1379
Максим Каммерер,Стругацкий Аркадий Натанович,1195
Воздушные фрегаты. Большая игра,Оченков Иван Валерьевич,671
Сотник из будущего. Северная война,Булычев Андрей Владимирович,643
Совершенный. Второй шанс,Кузмичев Иван Иванович,643
Солярис,Лем Станислав,1655
Не римская Испания,Безбашенный,1379
Новичок,Риддер Аристарх,671
Бродяги. Путь скорпиона,Пол Кофе,919
По следам Александра Великого,Харников Александр Петрович,643
Столичный доктор. Кодекс врача,Вязовский Алексей Викторович,643
Апокалипсис сегодня. Немыслимые расклады,Злотников Роман Валерьевич,735
"Закон ""дегтярева""",Силлов Дмитрий Олегович,735
Болотник,Панченко Андрей Алексеевич,643
Казачий спас,Трофимов Ерофей,293
Вперед в прошлое!,Ратманов Денис,643
Байки из Зоны. Убежать от себя,Шиканян Андрей Сергеевич,689
Капитул Дюны,Герберт Фрэнк,919
Продавец воздуха,Беляев Александр Романович,284
Дюна: Бог-Император Дюны. Еретики Дюны. Капитул Дюны,Герберт Фрэнк,1747
Дюна: Дюна. Мессия Дюны. Дети Дюны,Герберт Фрэнк,1655
Пятое сердце,Симмонс Дэн,1287
Дюна: Леди Каладана,Герберт Брайан,1011
Сумеречный Дозор,Лукьяненко Сергей Васильевич,689
Республика Ночь,Зотов (Zотов) Г. А.,689
Ложная слепота,Уоттс Питер,965
Месяц за Рубиконом,Лукьяненко Сергей Васильевич,873
Еретики Дюны,Герберт Фрэнк,919
Град обреченный,Стругацкий Аркадий Натанович,689
Звезды,Юэ Ци,1287
Братик,Яманов Александр,643
Бог-Император Дюны,Герберт Фрэнк,919
Поднятие уровня в одиночку. Solo Leveling. Книга 2,Чхугон,717
Зло той же меры,Теверовский Михаил Григорьевич,597
Звезда Авроры,Кристофф Джей,827
Фантоник. Том 1,Кайдалова Дарья Евгеньевна,873
Древний. Предыстория 4-6 (уникальное лимитированное издание),Тармашев Сергей Сергеевич,3679
Варлок-2,Широков Алексей Викторович,1195
Довмонт,Посняков Андрей Анатольевич,1195
Искажающие реальность,Атаманов Михаил,1195
Великий крестовый поход,Андерсон Пол,303
Магический приказ. Мечник,Евдокимов Дмитрий Викторович,671
Ментаты Дюны,Герберт Брайан,965
Еретики Дюны,Герберт Фрэнк,441
Новый Дозор,Лукьяненко Сергей Васильевич,689
Таис Афинская,Ефремов Иван Антонович,321
Ледащий,Дроздов Анатолий Федорович,643
Простой советский спасатель,Буров Дмитрий,643
Амур. Лицом к лицу. Ближние соседи,Федотов Станислав Петрович,643
Позывной «Оборотень»,Трофимов Ерофей,671
Комдив,Берг Александр,671
Курсант: Призвание опер,Дамиров Рафаэль,643
Сам себе властелин. Из Калькуары с любовью,Горбов Александр Владимирович,643
Столичный доктор,Вязовский Алексей Викторович,671
Дюна,Герберт Фрэнк,873
Орган геноцида,Ито Кэйкаку,781
Сквозь Зоны. Спящий сталкер,Лебедев Владимир Владимирович,717
Сто лет тому вперед,Булычев Кир,487
Транзитная зона,Прист Кристофер,689
Закон контролера,Силлов Дмитрий Олегович,735
"Франкенштейн, или Современный Прометей",Шелли Мэри Уолстонкрафт,284
Автостопом по Галактике. Опять в путь,Адамс Дуглас,441
Сто лет тому вперед. Официальная новеллизация,,533
Солярис,Лем Станислав,1747
Война миров. Первые люди на Луне,Уэллс Герберт Джордж,284
Atomic Heart. Предыстория «Предприятия 3826»,Харальд Хорф,901
Запределье,Михайлов Дем,1195
Глас Господа,Лем Станислав,349
Ангелотворец,Харкуэй Ник,1471
Зауряд-врач,Дроздов Анатолий Федорович,1195
Война миров. Первые люди на Луне,Уэллс Герберт Джордж,349
Горячее лето 42-го,Поселягин Владимир Геннадьевич,643
Воздушные фрегаты. Гросс,Оченков Иван Валерьевич,643
Последние станут первыми,Арифуллина Елена Юрьевна,597
Порт-Артур – Иркутск – Тверь: туда и обратно,Чернов Александр Борисович,643
Отступник. Приватир,Калбазов Константин Георгиевич,643
Дюна,Герберт Фрэнк,873
Закон клыка,Силлов Дмитрий Олегович,735
Поднятие уровня в одиночку. Solo Leveling. Книга 3,Чхугон,717
Комсомолец,Федин Андрей Анатольевич,643
Три ипостаси Божества,Дэшнер Джеймс,533
Егерь Императрицы. Граница,Булычев Андрей Владимирович,643
Князь Федор. Куликовская сеча,Злотников Роман Валерьевич,671
Былые,Кэтлинг Брайан,1011
Боец: Ростов-папа,Гуров Валерий,643
Дикая. Следы на аномальных тропах,Котова Любовь Владимировна,689
Красавчик. Две столицы,Шопперт Андрей Готлибович,643
Книга пяти колец. Пробуждение крови,Зайцев Константин,643
Чингисхан. Сотрясая вселенную,RedDetonator,643
Файролл. Игра не ради игры,Васильев Андрей,1195
Горизонты Холода,Евдокимов Дмитрий Викторович,671
Сапер. Без права на ошибку,Вязовский Алексей Викторович,643
Древний. Предыстория 4-6 (подарочное издание),Тармашев Сергей Сергеевич,2023
Жизнь во благо Родины,Мишин Виктор,643
Экспедиционный корпус,Лопатин Георгий,643
Демон Максвелла,Холл Стивен,1011
Девочка со спичками,Тюхай Екатерина Андреевна,873
Авиатрисы,Плат Ами Д.,671
Красная звезда. Инженер Мэнни,Богданов Александр Александрович,349
Десант попаданцев,Конторович Александр,1287
В интересах Рода,Листратов Валерий,643
1984,Оруэлл Джордж,1057
Душа Пандоры,Блэр Диана,643
День триффидов. Куколки,Уиндем Джон,735
Черное облако,Хойл Фред,643
Функция: вы,Домна Юлия,1195
Зона Севера. Хакер,Буторин Андрей Русланович,717
Смоленская Русь. Запад-36,Янов Алексей Леонидович,643
Персональный детектив,Покровский Владимир Валерьевич,901
Божественный спор,Финдра Милослава Юрковна,643
"Время умирать. Рязань, год 1237",Баранов Николай Александрович,717
Понедельник начинается в субботу. Сказка о Тройке.,Стругацкий Аркадий Натанович,1655
Хромая судьба,Стругацкий Аркадий Натанович,671
Геном: Танцы на снегу. Геном. Калеки,Лукьяненко Сергей Васильевич,1011
Гранит науки,Заикин Александр Сергеевич,643
Эсминцы. Коса смерти,Ангелов Августин,643
Закон мутанта,Силлов Дмитрий Олегович,735
Богоборцы-2,Широков Алексей Викторович,1195
Загадка аномалии,Шапошникова Наталья Геннадьевна,717
Золушка,Мейер Марисса,671
Закон Призрака,Силлов Дмитрий Олегович,735
Русский бунт. Начало,Вязовский Алексей Викторович,643
Пятый посланник. Каменный кулак,Пылаев Валерий,671
Сотник из будущего. Балтийский рейд,Булычев Андрей Владимирович,643
Ликвидатор на службе империи,Никл А.,643
Курсант: Спецотдел МВД СССР,Дамиров Рафаэль,643
Второму игроку приготовиться,Клайн Эрнест,671
Улитка на склоне,Стругацкий Аркадий Натанович,579
"Отель ""У погибшего альпиниста""",Стругацкий Аркадий Натанович,579
Собрание сочинений 1985-1990,Стругацкий Аркадий Натанович,1471
Собрание сочинений 1985-1990,Стругацкий Аркадий Натанович,1471
Собрание сочинений 1969-1973,Стругацкий Аркадий Натанович,1471
Собрание сочинений 1969-1973,Стругацкий Аркадий Натанович,1471
Посланник,Подшивалов Анатолий,643
Взводный,Берг Александр,643
Assassin's Creed: Буря эпохи Мин,Янь Лэйшэн,827
Второе правило дворянина,Герда Александр Владимирович,643
"Алло, милиция?",Матвиенко Анатолий Евгеньевич,671
"О времени, о душе и всяческой суете",Браннер Джон,735
Принцесса Дюны,Герберт Брайан,901
Бродяга. Звёздные закоулки,Трофимов Ерофей,671
Иной мир. Перезагрузка,Шарипов Никита Эдуардович,781
Властелин мира,Беляев Александр Романович,284
Черные холмы,Симмонс Дэн,1195
Телефонист,Чернявский Владимир Евгеньевич,643
Кто на свете всех прекрасней?,Мейер Марисса,689
Забытые богом,Кожин Олег Игоревич,643
Закон МКАД,Силлов Дмитрий Олегович,735
Фантастическая девчонка,Ким Хечжон,864
Предатель рода,Кристофф Джей,965
Азовская альтернатива,Спесивцев Анатолий Федорович,1195
Гиперион. Падение Гипериона,Симмонс Дэн,1729
Группа крови на плече. Смерти вопреки,Вязовский Алексей Викторович,643
Проклятие,Мейер Марисса,735
Закон шрама,Силлов Дмитрий Олегович,735
Служу Советскому Союзу,Высоцкий Василий,643
Сепар,Поселягин Владимир Геннадьевич,671
Выход на «Бис»,Плетнев Александр Владимирович,643
Рыцари Сорока Островов,Лукьяненко Сергей Васильевич,717
Варяжское море. Воин,Калинин Даниил Сергеевич,671
"Сам себе властелин. Дом, тёмный дом",Горбов Александр Владимирович,671
Империя Млечного пути,Бурмистров Денис Евгеньевич,1287
Белое небо. Ключ от бездны,Корсак Дмитрий,689
Чаша Небес,Бенфорд Грегори,1103
Вторжение с Альдебарана,Лем Станислав,459
Воля императора. Двойник,Шалашов Евгений Васильевич,643
Фантастика и футурология,,3403
Судьбы местного значения,Стрелков Владислав Валентинович,643
Закон сталкера,Силлов Дмитрий Олегович,735
Кланы вне закона,Ренгач Евгений,671
Костяной,Провоторов Алексей Александрович,735
Постовой,Путилов Роман Феликсович,643
Амурский сокол,Саматов Рамзан,625
Эскадрон особого назначения,Дашко Дмитрий Николаевич,643
Шатун. Шаг в неизвестность,Трофимов Ерофей,671
Виталист,Широков Алексей Викторович,643
Оранжерея на краю света,Чхоёп Ким,735
Ночные крылья,Силверберг Роберт,330
Царь! Просто Царь!,Алексеев Михаил Егорович,643
Одиссей Фокс. Голос Древних,Карелин Антон Александрович,643
Наследник рода Раджат. Начало,Кольцов Игорь,643
Северный дракон,Трофимов Ерофей,643
Курсант: Дело душителя,Дамиров Рафаэль,643
На пороге,Иванов-Ковалёв Денис,689
1941 — Туман войны,Байбаков Иван,643
Штрафбат Павла Первого,Шкенев Сергей Николаевич,1195
Нерушимый,Ратманов Денис,671
Пески Марса,Кларк Артур,312
Остров доктора Моро. Первые люди на Луне,Уэллс Герберт Джордж,303
Студент в СССР,Коруд Ал,643
За точкой невозврата. Утро псового лая,Михайловский Александр Борисович,643
Звезда Давида,Волошин Константин Юрьевич,625
Гедонис. Этот счастливый токсичный мир,Ибрагимова Диана Маратовна,597
Арсанты. Дети богов,Фарутин Антон,671
Закон Выброса,Силлов Дмитрий Олегович,735
Утверждение власти,Метельский Николай Александрович,1195
Видоизмененный углерод: Пробужденные фурии,Морган Ричард,735
Athanasy: История болезни,Мавликаев Михаил,763
Красный Жук. Предварительные решения,Сурмин Евгений Викторович,643
Киты по штирборту!,Демченко Антон Витальевич,1149
Заповедник Зелирия: Внутри невидимых стен,Хамки,763
Поступь Империи,Кузмичев Иван Иванович,1149
Проект Re: Начало,Faded Emory,643
"Одиссея капитана Балка. Ставка больше, чем мир",Чернов Александр Борисович,643
Затерянный мир,Дойл Артур Конан,284
Авиатор: назад в СССР,Дорин Михаил,643
Красавчик. И аз воздам,Шопперт Андрей Готлибович,643
"Путь врат. Парень, который будет жить вечно",Пол Фредерик,1333
Почти врач,Вязовский Алексей Викторович,643
Затерянный мир,Дойл Артур Конан,321
Видоизмененный углерод: Сломленные ангелы,Морган Ричард,735
Видоизмененный углерод,Морган Ричард,717
Закон Шухарта,Силлов Дмитрий Олегович,735
Первое правило дворянина,Герда Александр Владимирович,625
Смута. Письма самозванки,Клевакин Владислав Михайлович,625
Футурологический конгресс,Лем Станислав,321
"Король утра, королева дня",Макдональд Йен,1149
Жажда власти 5. Фрагментация,Тармашев Сергей Сергеевич,827
Барраяр,Буджолд Лоис Макмастер,330
Порочная красота,Роберт Кэти,781
"Без Веры, Царя и Отечества",Панфилов Василий Сергеевич,1057
Выживальщики. Борьба за жизнь,Денисов Константин Владимирович,1195
Хранители. План игры,Пономарев Александр Леонидович,689
Забытый эксперимент,Стругацкий Аркадий Натанович,339
Печать Каина,Кретова Евгения Витальевна,625
Сам себе властелин. Владыка Калькуары,Горбов Александр Владимирович,671
Zадача будет выполнена! Ни шагу назад,Марчук Николай Петрович,625
Холод (3 книги в 1) (уникальное лимитированное издание),Тармашев Сергей Сергеевич,2943
Пластуны. Золото плавней,Зайцев Николай Владимирович,643
Цесаревич Вася,Шкенев Сергей Николаевич,625
Синдзи-кун и его попытка прожить обычную жизнь,Хонихоев Виталий Владимирович,643
Махинации самозванца,Романов Илья Николаевич,625
Цена возвращения,Гришин Алексей,625
Собрание сочинений 1955-1959,Стругацкий Аркадий Натанович,1471
Город воров. Первый Стиратель,Муравьев Константин Николаевич,625
Вся шуттовская рать,Асприн Роберт,1471
Первый,Савич Михаил Владимирович,625
"Плач по тем, кто остался жить",Юрьев Сергей,625
Лунная пыль,Кларк Артур,330
СССР 2010. Пионер — ты в ответе за всё!,Широков Алексей Викторович,625
Группа крови на плече,Вязовский Алексей Викторович,625
Совсем неглавная героиня,Дэвлин Джейд,643
Гиртам. Эволюция,Бор Жорж,689
Семь дней до Мегиддо,Лукьяненко Сергей Васильевич,855
Первый шаг и в…,Синицын Владимир Сергеевич,625
Цеховик. Отрицание,Ромов Дмитрий,625
Где наша не пропадала!,Малыгин Владимир Владиславович,1195
Дочь Затонувшей империи,Мэллис Фрэнки Диана,855
Злая Русь. Царство,Калинин Даниил Сергеевич,625
Воздушные фрегаты. Капитан,Оченков Иван Валерьевич,625
Закон Севера,Силлов Дмитрий Олегович,717
Город и звезды. Конец детства,Кларк Артур,809
Сказки роботов,Лем Станислав,339
"Сказ о змеином сердце, или Второе слово о Якубе Шеле",Рак Радек,901
Конкистадор поневоле,Михеев Михаил Александрович,643
Вечерний Чарльстон,Харников Александр Петрович,625
Пятый посланник. Владыка без имени,Пылаев Валерий,643
Этюды черни,Ускова Ольга Анатолиевна,809
Медиум,Дронт Николай,625
Страна багровых туч,Стругацкий Аркадий Натанович,671
Назад в СССР: 1984,Гаусс Максим,625
Дурная кровь,Никонов Андрей,643
Холод (3 книги в 1),Тармашев Сергей Сергеевич,2023
Красная машина. Юниор из будущего,Барчук Павел,643
Под кожей только я,Бисерова Ульяна,671
Егерь Императрицы. Кровь на камнях,Булычев Андрей Владимирович,643
Ермак. Революция,Валериев Игорь,625
Вторжение на Землю,Николаев Михаил Павлович,643
Князь Рус. Посланец Сварога,Лопатин Георгий,643
Конфедерат,Поляков Влад,1287
Амур. Лицом к лицу. Дорога в 1000 ли,Федотов Станислав Петрович,643
1924 год. Наследница,Тюрин Виктор Иванович,643
Цена империи. Фактор нестабильности,Тарханов Влад,643
Зона Питер. Сбой системы,Нуждин Андрей Станиславович,717
Сотник. Чужие здесь не ходят,Красницкий Евгений Сергеевич,671
Хроники везения и невезения,Овчинникова Анна Георгиевна,717
Война миров,Уэллс Герберт Джордж,208
Книга гор: Рыцари сорока островов. Лорд с планеты Земля. Мальчик и тьма.,Лукьяненко Сергей Васильевич,1103
Грешник,Злобин Михаил,643
Собрание сочинений 1979-1984,Стругацкий Аркадий Натанович,1471
Сам себе властелин. Наследник для Калькуары,Горбов Александр Владимирович,671
Изобретения профессора Вагнера,Беляев Александр Романович,284
Отдел «К»,Валин Юрий,1195
Войд. Захваченный дом,Бредвик Алекс,1195
Тропа до звезд,Лепехин Александр Иннокентьевич,643
Атомный пирог,Конфитюр Марципана,625
Последний рейд,Трофимов Ерофей,1195
Поручики по Адмиралтейству,Поселягин Владимир Геннадьевич,643
Машина времени. Человек-невидимка,Уэллс Герберт Джордж,643
Элирм. Вне времени,Готлейб Владимир Владимирович,689
Соболев. Пробуждение дара,Риддер Аристарх,643
Приключения Ийона Тихого,Лем Станислав,1839
Возраст — преимущество,Мишин Виктор,643
Иной мир. Побег в никуда,Шарипов Никита Эдуардович,735
Водоворот,Уоттс Питер,965
Новичок,Большаков Валерий Петрович,643
Точка перелома,Михайловский Александр Борисович,643
Чуйка,Николаев Михаил Павлович,643
Аэлита,Толстой Алексей Николаевич,275
Креахоновая крепость. Водовороты времени,Рыльский Герман Витальевич,717
Техник – ас,Панов Евгений Владимирович,625
Я - Распутин. Сожженные мосты,Вязовский Алексей Викторович,643
Насморк,Лем Станислав,330
Красавчик. Царская немилость,Шопперт Андрей Готлибович,643
Зона Севера. Двуединый,Буторин Андрей Русланович,717
"Дорога, ведущая в никуда",Муравьев Константин Николаевич,643
Обеспечение: Полная свобода. Реал,Рюкер Руди,919
Адмирал,Поселягин Владимир Геннадьевич,1195
Встречный бой,Марчук Николай Петрович,643
Канцлер Мальтийского ордена,Харников Александр Петрович,1195
Машина времени. Остров доктора Моро,Уэллс Герберт Джордж,284
Кромка,Сахаров Василий Иванович,1149
Мамалыжный десант,Валин Юрий,671
Зеркало для никого,Мундт Лара,643
Встреча с хичи. Анналы хичи,Пол Фредерик,1471
Времена не выбирают,Малыгин Владимир Владиславович,643
Закон бандита,Силлов Дмитрий Олегович,735
Сага о Торе. Черный ветер,Моргунов Денис Геннадьевич,717
Закон торговца,Силлов Дмитрий Олегович,735
Некровиль,Макдональд Йен,1379
Одиссей Фокс. Миллион миров,Карелин Антон Александрович,671
Злая Русь. Зима 1238,Калинин Даниил Сергеевич,671
Первые люди на первом плоту,Стругацкий Аркадий Натанович,339
Чужие перекрестки дорог,Федотов Алексей Федорович,643
"Волчья воля, или Выбор наследника короны",Шёпот Светлана,643
Город и звезды,Кларк Артур,339
Хождение Джоэниса,Layton T.Z.,312
Пластуны,Зайцев Николай Владимирович,671
Десант местного значения,Грибанов Роман Борисович,671
Цена империи. На начинающего Бог,Тарханов Влад,643
Земля! Визит родственников,Немиров Олег,643
Княжество Орловское. Война,Мельцов Илья,643
Мастер лабиринтов,Земляной Андрей,643
Барон,Синицын Владимир Сергеевич,643
Рокировка,Трофимов Ерофей,643
Демон плюс,Зотов (Zотов) Г. А.,689
Элирм. Двадцать первые,Готлейб Владимир Владимирович,717
Горчаков. Канцлер,Пылаев Валерий,625
Моя фамилия Павлов,Берг Александр,671
Каждому своё 1-4 (уникальное лимитированное издание),Тармашев Сергей Сергеевич,2851
НАСЛЕДИЕ. НАСЛЕДИЕ 2,Тармашев Сергей Сергеевич,1563
"СССР 2010. Жить стало лучше, жить стало веселее!",Широков Алексей Викторович,643
Матвей. Внештатный канцелярист,Федотов Антон Сергеевич,643
Каждому своё 1-4 (подарочное издание),Тармашев Сергей Сергеевич,2023
Все реки петляют. Москва и Московия,Калашников Сергей Александрович,643
Бронеходчики,Калбазов Константин Георгиевич,1287
Город воров. Темные переулки Империи,Муравьев Константин Николаевич,643
Сотник. Бывших не бывает,Красницкий Евгений Сергеевич,643
Егерь Императрицы. Мы вернемся!,Булычев Андрей Владимирович,671
Призрак неведомой войны,Михеев Михаил Александрович,1195
Осенние визиты,Лукьяненко Сергей Васильевич,781
Сапер. Побег на войну,Вязовский Алексей Викторович,643
Солдаты третьей мировой,Михеев Михаил Александрович,643
Деньги пахнут кровью,Шумилов Алексей,643
Закон кровососа,Силлов Дмитрий Олегович,735
Лунные хроники. Книга для творчества,Мейер Марисса,459
Древний. Вторжение. Расплата. Возрождение. Час воздаяния (уникальное лимитированное издание),Тармашев Сергей Сергеевич,2851
Лунные хроники. Золушка,Мейер Марисса,1241
Мститель,Марчук Николай Петрович,643
История Золушки,Максимова Маргарита,643
Эргоном. Последний ассасин,Глебов Виктор,643
Старая переправа,Поганец Алексей,643
Термитник Хеллстрома,Герберт Фрэнк,349
Не тихий Тихий океан,Протасов Сергей Альбертович,671
Альтер эво,Иванова Анастасия Александровна,735
Неглавная героиня,Дэвлин Джейд,643
Игра не для всех. Сталинград,Калинин Даниил Сергеевич,643
Парень из преисподней. Повесть о дружбе и недружбе,Стругацкий Аркадий Натанович,579
Игра в четыре руки,Батыршин Борис Борисович,643
Спят курганы темные,Харников Александр Петрович,643
Боец с планеты Земля,Тимофеев Владимир Анатольевич,643
Закон крови,Силлов Дмитрий Олегович,735
Курсант: путь мента,Дамиров Рафаэль,625
Под знаком Амура. Благовест с Амура,Федотов Станислав Петрович,735
1924 год. Старовер,Тюрин Виктор Иванович,625
Шатун. Лесной гамбит,Трофимов Ерофей,671
Последний человек из Атлантиды,Беляев Александр Романович,284
Пусть ярость благородная,Михайловский Александр Борисович,643
"Попала, или Любовь тирана",Чернованова Валерия Михайловна,643
Пески Дюны,Герберт Брайан,689
Абсолютная пустота,Лем Станислав,349
Пробуждение крови,Ткачев Андрей Сергеевич,1149
Сила Алхимика,Каменев Алекс,643
Империя мертвецов,Ито Кэйкаку,827
Хроники реликта: Непредвиденные встречи. Пришествие. Возвращение блудного конструктора,Головачёв Василий Васильевич,919
Рассказы о пилоте Пирксе,Лем Станислав,459
Роузуотер. Восстание,Томпсон Таде,1103
В чертогах марсианских королей,Варли Джон,809
Провокация,Лем Станислав,358
Воздушные фрегаты. Пилот,Оченков Иван Валерьевич,643
Арт-объект,Недоруб Сергей И.,643
Орда встречного ветра,Дамазио Ален,1931
Рапунцель,Мейер Марисса,735
Осколки чести,Буджолд Лоис Макмастер,339
Туманность Андромеды. Звездные корабли,Ефремов Иван Антонович,441
Бои местного значения,Грибанов Роман Борисович,643
Человек в лабиринте,Силверберг Роберт,330
Ротмистр Гордеев,Дашко Дмитрий Николаевич,643
Эффект крови,Байкалов Алексей,671
Интендант,Дроздов Анатолий Федорович,1195
Дом Ростовых. Новая Тень,Фарг Вадим,643
Два капитана,Евдокимов Дмитрий Викторович,643
Кибер. Мастер,Скальд Дмитрий,643
Закон хабара,Силлов Дмитрий Олегович,717
Сотник из будущего. Начало пути,Булычев Андрей Владимирович,671
Акула пера в СССР,Капба Евгений Адгурович,643
Вовка-центровой. Среди легенд,Шопперт Андрей Готлибович,643
Доброволец,Марчук Николай Петрович,643
Гунны,Заозерский Андрей,643
Генерал-майор,Посняков Андрей Анатольевич,643
Наш дом — СССР,Мишин Виктор,643
Время Петра,Клевакин Владислав Михайлович,625
Дневной Дозор,Лукьяненко Сергей Васильевич,689
Разреженный воздух,Морган Ричард,1379
Каньон. Диадема,Недоруб Сергей И.,689
Обеспечение: Софт. Тело,Рюкер Руди,781
Венера на половинке раковины. Другой дневник Филеаса Фогга.,Фармер Ф. Х.,1287
Видоизмененный углерод. Такеси Ковач,Морган Ричард,1471
По прозвищу «Малюта»,Берг Александр,643
Мир Вальдиры. Ведомости Бульквариуса,Михайлов Дем,1195
Космолетчики. Близкие звезды,Макарова Людмила,643
Режиссер Советского Союза,Тенгриханов Александр,643
Дар Смерти,Любушкин Алексей Сергеевич,643
Все реки петляют. От Альбиона до Ямайки,Калашников Сергей Александрович,643
Отступник. Вольник,Калбазов Константин Георгиевич,671
Белое небо. При необходимости уничтожить,Корсак Дмитрий,717
Зенитчик,Полищук Вадим,1103
Профессионал. Один в поле воин,Тюрин Виктор Иванович,671
Михаил Гущин,Баранников Сергей Юрьевич,1195
Жажда власти 4. Рестарт,Тармашев Сергей Сергеевич,827
Поступь Слейпнира,Трофимов Ерофей,1149
Горчаков. Коммандер,Пылаев Валерий,625
Иностранец. Бои без правил,Шелег Игорь Витальевич,671
Конвойцы,Белянин Андрей Олегович,671
Война миров,Уэллс Герберт Джордж,625
Глубокая охота,Лапиков Михаил Александрович,671
Губитель,Поселягин Владимир Геннадьевич,643
Провокатор,Замполит Д. Н.,643
Шатун,Трофимов Ерофей,625
Мифы и Легенды. Начало,Карелин Сергей Витальевич,643
Одиночка,Шаров Константин,671
Точка преломления,Ежов Константин Владимирович,643
Жаркая осень в Акадии,Харников Александр Петрович,643
Лучший из худших,Дашко Дмитрий Николаевич,643
Цена империи. Чистилище,Тарханов Влад,643
Замешательство,Пауэрс Ричард,873
Ватага. Император,Посняков Андрей Анатольевич,1287
"Приключения на земле, под землей и в космосе",Гаррисон Гарри,781
Осколки недоброго века,Плетнев Александр Владимирович,643
Прыжок,Лукьяненко Сергей Васильевич,919
Период распада. Исход чумы,Волков Тим,625
Оболочка зеро,Иванова Анастасия Александровна,625
Фаворит,Калбазов Константин Георгиевич,1287
Краш-синдром,Недоруб Сергей И.,643
МиГера. Задача Выжить,Данильченко Олег Викторович,643
Вещий князь,Посняков Андрей Анатольевич,1287
Недоучка,Забусов Александр Владимирович,643
Повелитель морей,Поселягин Владимир Геннадьевич,625
Эликсиры Эллисона. От глупости и смерти.,Эллисон Харлан,1563
Закон Северо-Запада,Силлов Дмитрий Олегович,717
Возраст не помеха,Мишин Виктор,625
Чистилище. Чистилище: Финал,Тармашев Сергей Сергеевич,1563
Лабиринт отражений,Лукьяненко Сергей Васильевич,763
Звезда КЭЦ,Беляев Александр Романович,284
Сотник. Половецкий след,Красницкий Евгений Сергеевич,597
Билет в одну сторону,Калашников Сергей Александрович,625
Вепрь,Калбазов Константин Георгиевич,1195
Великий крестовый поход,Андерсон Пол,1471
43 дня до конца,Валарис Эмбер,671
Футурологический конгресс,Лем Станислав,1655
Иной мир,Шарипов Никита Эдуардович,717
Курс на юг,Беломор Б.,643
Студенческое проклятье Алого университета,Храбрых Константин Игоревич,643
Космолетчики. Градиент неба,Макарова Людмила,643
Линия грез,Лукьяненко Сергей Васильевич,763
Шуттовская рота,Асприн Роберт,1471
Страж Китежа,Евгений Нетт,643
Улан,Панфилов Василий Сергеевич,1149
"Зона Питер. Там, где водятся чудовища",Нуждин Андрей Станиславович,717
Второе нашествие марсиан. Беспокойство,Стругацкий Аркадий Натанович,339
Курсант: назад в СССР,Дамиров Рафаэль,625
Амсдамский гамбит,Демченко Антон Витальевич,643
Горчаков. Статский советник,Пылаев Валерий,625
"Сделай, что сможешь. Новые горизонты",Лео Андрей Васильевич,671
Злая Русь. Пронск,Калинин Даниил Сергеевич,625
Рейдеры,Алексеев Михаил Егорович,643
Американская история,Прист Кристофер,809
Туманность Андромеды. Час Быка,Ефремов Иван Антонович,919
Красная Шапочка,Мейер Марисса,717
"Зона: перезагрузка. Операция ""Альфа""",Лазарев Дмитрий Владимирович,717
Голубое шампанское,Варли Джон,809
Империя Оствер. Колесо войны,Сахаров Василий Иванович,1195
"Анна, создающая королей",Дивеева Лара,643
Закон свободы,Силлов Дмитрий Олегович,717
Князь Агренев,Кулаков Алексей Иванович,1149
Богоборцы,Широков Алексей Викторович,1195
Мешок. Штуцер,Савинков Сергей Сергеевич,643
Машина бытия,Герберт Фрэнк,367
"Попала, или Жена для тирана",Чернованова Валерия Михайловна,671
Супернова,Мейер Марисса,735
Закон Фукусимы,Силлов Дмитрий Олегович,735
Порт-Артур – Токио,Чернов Александр Борисович,643
Электрический идол,Роберт Кэти,781
Zадача будет выполнена! Крымский котел,Марчук Николай Петрович,643
Мицелий. Лед под кожей,Кадлечкова Вилма,1195
Арена. Новая жизнь,Валериев Игорь,643
Кибериада,Лем Станислав,441
Одиночка. Кровавая вира,Трофимов Ерофей,643
Операция «Слепой Туман»,Михайловский Александр Борисович,671
Почтальон,Никонов Андрей,625
"Там, за горизонтом",Сапегин Александр Павлович,643
Мост. Улица отчаяния,Бэнкс Иэн М.,809
Стажеры,Стругацкий Аркадий Натанович,579
Оранжерея,Стросс Чарльз,1195
Час Быка,Ефремов Иван Антонович,459
Танкистка,Берг Александр,643
Бродяга,Трофимов Ерофей,643
Одиссей Фокс. Тени звезд,Карелин Антон Александрович,643
Дурак космического масштаба,Кристиан Бэд,643
Найти себя. Лучшая фантастика — 2023,Лукьяненко Сергей Васильевич,717
Город воров. Дороги Империи,Муравьев Константин Николаевич,671
Горчаков. Камер-юнкер,Пылаев Валерий,625
Операция «Яростный полдень»,Михайловский Александр Борисович,643
Сказка о Тройке. Сказка о Тройке - 2,Стругацкий Аркадий Натанович,671
Философия случая,Лем Станислав,1747
Феномен,Поселягин Владимир Геннадьевич,625
К морю марш вперед!,Харников Александр Петрович,643
Смоленская Русь. Экспансия,Янов Алексей Леонидович,643
Изгой,Никонов Андрей,643
"СССР 2010. Энергеты всех стран, соединяйтесь!",Широков Алексей Викторович,643
Бета-тест,Недоруб Сергей И.,643
Древний. Расплата,Тармашев Сергей Сергеевич,827
Это злая разумная опухоль,Уоттс Питер,965
Древний. Возрождение,Тармашев Сергей Сергеевич,827
Последний Дозор,Лукьяненко Сергей Васильевич,763
Расследование; Насморк,Лем Станислав,781
Древний. Час воздаяния,Тармашев Сергей Сергеевич,827
Древний. Война,Тармашев Сергей Сергеевич,827
Престиж,Прист Кристофер,781
Лорд с планеты Земля,Лукьяненко Сергей Васильевич,781
Тихий шепот звезд,Кружевский Дмитрий Сергеевич,1149
Древний. Корпорация,Тармашев Сергей Сергеевич,827
Якудза,Силлов Дмитрий Олегович,1287
Паразиты сознания. Философский камень. Возвращение ллойгор,Уилсон Колин,1287
"Всем, кому должна, — прощаю, или От любви страховки нет!",Вудворт Франциска,671
Апокалипсис сегодня. Новая надежда,Злотников Роман Валерьевич,735
Древний. Вторжение,Тармашев Сергей Сергеевич,827
Сага о Торе. Тор,Моргунов Денис Геннадьевич,689
Красный Дракон Империи,Панов Евгений Владимирович,625
Император Владимир,Максимов Рустам,625
Тьма. Закат Тьмы. Конец Тьмы (уникальное лимитированное издание),Тармашев Сергей Сергеевич,2483
Поиск предназначения,Стругацкий Аркадий Натанович,671
Эпохи холст – багряной кистью,Плетнев Александр Владимирович,625
Тьма. Закат Тьмы. Конец Тьмы (подарочное издание),Тармашев Сергей Сергеевич,2023
Иностранец. Возвращение домой,Шелег Игорь Витальевич,625
И опять Пожарский,Шопперт Андрей Готлибович,625
Командор Советского Союза,Земляной Андрей,625
Чистовик,Лукьяненко Сергей Васильевич,680
На волне шока,Браннер Джон,717
Долгая дорога домой,Андерсон Пол,1287
Белый Z на лобовой броне,Михеев Михаил Александрович,625
Оружейники: Aftermath,Быченин Александр Павлович,1195
"Хранители. Проект ""О.З.О.Н.""",Пономарев Александр Леонидович,625
Неоновые боги,Роберт Кэти,781
Собрание сочинений 1967-1968,Стругацкий Аркадий Натанович,1471
Князь Благовещенский,Останин Виталий Сергеевич,1195
Одиночка. Честь и кровь,Трофимов Ерофей,625
Легенда о Великой волне,Тонани Дарио,873
Сотник. Не властью единой,Красницкий Евгений Сергеевич,579
БЕСсильный чемпион,Володин Григорий Владимирович,625
Сумеречный Дозор,Лукьяненко Сергей Васильевич,717
От Карпат до Амура,Малыгин Владимир Владиславович,625
Испытание для победителя,Колмаков Владислав Викторович,625
История твоей жизни,Чан Тед,332
Такое разное будущее,Лем Станислав,1747
Сталь над волнами,Конторович Александр,1149
Морские звезды,Уоттс Питер,873
Обсидио,Кауфман Эми,1563
Древний. Предыстория. Книга третья. Непокорённые,Тармашев Сергей Сергеевич,827
Огненная купель Шантунга,Чернов Александр Борисович,625
Решала,Поселягин Владимир Геннадьевич,625
Шерлок Холмс Мценского уезда,Сергеев Станислав Сергеевич,625
В годину славы и печали,Белогорский Евгений,625
Бесноватый Цесаревич,Яманов Александр,625
Дикий. Забытая федерация,Поганец Алексей,625
